Observation,Energy
50001,54.38833237
50002,95.71748352
50003,102.007843
50004,54.87849426
50005,58.09970474
50006,67.43457031
50007,149.7276459
50008,40.95836639
50009,152.2016754
50010,37.61317444
50011,58.20999146
50012,69.05497742
50013,58.50227356
50014,72.89987946
50015,47.10947037
50016,58.0076561
50017,46.09667206
50018,292.1795349
50019,38.0929985
50020,198.8784485
50021,87.66448212
50022,103.3322678
50023,133.7057343
50024,53.92242432
50025,85.57746887
50026,81.51454926
50027,169.8059692
50028,152.6558228
50029,44.8840332
50030,61.78108597
50031,57.95482254
50032,57.56217194
50033,55.27600479
50034,71.68833923
50035,135.1569366
50036,54.49572372
50037,73.01410675
50038,75.86256409
50039,125.2436981
50040,25.88251305
50041,71.84217072
50042,33.83375549
50043,52.87291718
50044,72.34128571
50045,91.2664566
50046,27.15004349
50047,55.3853569
50048,63.43120575
50049,64.17448425
50050,87.44537354
50051,125.8204346
50052,47.67346954
50053,35.61514664
50054,243.8079071
50055,113.5683136
50056,48.42964172
50057,61.02185822
50058,296.6312561
50059,42.83791733
50060,287.1691284
50061,35.54808426
50062,26.41560936
50063,50.82901001
50064,62.6135025
50065,29.6690731
50066,84.01609802
50067,80.175354
50068,48.86522675
50069,223.469696
50070,30.02140045
50071,103.409935
50072,165.3552094
50073,243.1924896
50074,43.59644699
50075,21.88123894
50076,53.68725586
50077,44.94140244
50078,105.7296906
50079,98.15573883
50080,43.7858429
50081,72.83624268
50082,61.81120682
50083,32.96575165
50084,35.8834343
50085,42.75334549
50086,58.7942009
50087,298.0209045
50088,50.97687912
50089,42.7472496
50090,152.8468933
50091,74.63496399
50092,63.55383301
50093,152.3465271
50094,165.7819824
50095,54.57741928
50096,69.53115082
50097,57.25839233
50098,108.7688904
50099,78.56386566
50100,101.5192261
50101,21.11545372
50102,48.92359924
50103,71.89995575
50104,84.80001831
50105,120.5542831
50106,59.1322403
50107,37.48610306
50108,154.11763
50109,52.37612152
50110,65.21643829
50111,46.23910522
50112,159.7166595
50113,49.31939316
50114,80.197052
50115,70.94317627
50116,26.61681557
50117,60.86080551
50118,74.73939514
50119,161.9445343
50120,149.4598389
50121,130.4338226
50122,70.09888458
50123,60.87215805
50124,65.86151123
50125,41.6526413
50126,167.1598816
50127,74.26566315
50128,28.55411339
50129,75.47154999
50130,64.02680969
50131,157.2410431
50132,64.98947144
50133,46.96947098
50134,155.5121307
50135,42.51234055
50136,249.325119
50137,408.2242432
50138,68.96960449
50139,24.94462776
50140,25.93073845
50141,515.3049316
50142,224.4898987
50143,104.4977646
50144,34.27256393
50145,88.7868576
50146,43.95286179
50147,45.06169891
50148,80.82710266
50149,81.43505859
50150,89.69590759
50151,112.9551239
50152,55.60084534
50153,143.2862244
50154,57.33924484
50155,38.11791611
50156,79.7021637
50157,95.31736755
50158,111.2548752
50159,46.04812241
50160,60.88855743
50161,78.98596954
50162,44.36758423
50163,110.551384
50164,84.73735809
50165,219.8831635
50166,100.7310867
50167,133.6337128
50168,144.3556976
50169,47.86629868
50170,82.74047089
50171,119.7474213
50172,77.8839798
50173,50.13660431
50174,71.79191589
50175,118.3638077
50176,187.4406891
50177,52.77251434
50178,67.18127441
50179,41.89774704
50180,65.6269455
50181,121.0416565
50182,52.6958046
50183,63.47276688
50184,61.30129242
50185,64.47640228
50186,121.9598923
50187,117.1580505
50188,65.18920135
50189,87.1475296
50190,107.1960678
50191,128.3649902
50192,66.37014008
50193,86.87276459
50194,122.6971817
50195,114.2353516
50196,83.27653503
50197,31.82202148
50198,120.2449188
50199,46.00579071
50200,197.3337097
50201,50.63248062
50202,48.10371399
50203,407.9005737
50204,39.96183014
50205,92.0455246
50206,131.0347748
50207,49.88376999
50208,143.111618
50209,280.8490906
50210,85.09265137
50211,43.12766647
50212,38.02855682
50213,254.561142
50214,57.7730484
50215,231.6920624
50216,45.76390076
50217,66.76300812
50218,29.53544617
50219,164.0788879
50220,51.12107849
50221,94.38775635
50222,44.83367538
50223,28.1184864
50224,183.3629456
50225,74.8409729
50226,141.5323792
50227,107.955246
50228,84.02288818
50229,64.84112549
50230,173.2000885
50231,356.6355896
50232,418.1087036
50233,54.97526932
50234,113.1035233
50235,150.2843323
50236,141.2414093
50237,56.45029449
50238,36.80176544
50239,33.15289688
50240,82.4516983
50241,39.35373688
50242,80.06697845
50243,58.48350906
50244,83.26701355
50245,48.09915543
50246,109.1291199
50247,119.3928604
50248,98.49055481
50249,231.457077
50250,168.7412567
50251,49.38977432
50252,66.68907166
50253,59.29722595
50254,55.30338669
50255,74.79264832
50256,64.87589264
50257,27.46291924
50258,277.4459839
50259,76.21975708
50260,131.7597504
50261,112.2397232
50262,41.62773132
50263,43.59493256
50264,64.76677704
50265,42.74194336
50266,60.1671257
50267,67.73985291
50268,129.1434326
50269,74.99555206
50270,146.2207794
50271,111.600502
50272,140.5839691
50273,136.7931213
50274,52.51356506
50275,60.06922913
50276,62.00716782
50277,208.0119781
50278,56.7794075
50279,63.40053177
50280,56.40903854
50281,56.21042252
50282,62.48613739
50283,158.2989502
50284,96.19442749
50285,51.55329514
50286,160.9777832
50287,43.08975983
50288,78.85900116
50289,58.81957626
50290,96.11440277
50291,58.1027565
50292,37.46054077
50293,113.2984543
50294,64.30207825
50295,132.997757
50296,47.66330338
50297,150.1592255
50298,37.89551926
50299,89.15792847
50300,221.7090454
50301,97.99871063
50302,98.35452271
50303,59.28286362
50304,157.2984619
50305,37.11867142
50306,198.6873627
50307,46.35103989
50308,55.83982849
50309,25.80965042
50310,51.55231476
50311,105.6650238
50312,59.3748436
50313,119.521347
50314,158.1475372
50315,65.19911957
50316,113.1317749
50317,60.78830719
50318,68.02043915
50319,57.9425087
50320,62.73152161
50321,84.19567108
50322,216.779953
50323,33.01111603
50324,47.12268829
50325,112.4465103
50326,94.58639526
50327,63.00604248
50328,62.95236206
50329,49.20430756
50330,58.75410843
50331,112.3147812
50332,93.00659943
50333,55.67159653
50334,55.84746933
50335,267.0315552
50336,126.9905701
50337,128.550766
50338,54.37546921
50339,38.37372971
50340,55.25772858
50341,43.31906128
50342,38.42324066
50343,40.7040596
50344,73.54049683
50345,49.6206398
50346,178.9338226
50347,45.04641724
50348,56.88742828
50349,61.3548851
50350,56.43244553
50351,74.98047638
50352,73.67813873
50353,378.6479187
50354,37.78714752
50355,63.16628647
50356,109.6092834
50357,295.1755676
50358,54.61366653
50359,45.73873138
50360,77.61378479
50361,114.4414825
50362,128.4965515
50363,32.88093567
50364,102.7461929
50365,49.07254028
50366,52.2869873
50367,123.7774429
50368,253.0865479
50369,36.82424545
50370,142.7771301
50371,299.5136719
50372,56.53701019
50373,250.0576324
50374,99.9140625
50375,531.2496948
50376,131.6259155
50377,87.88214874
50378,71.06713867
50379,34.81212997
50380,328.7675171
50381,108.3205109
50382,159.4298401
50383,37.76324844
50384,65.20919037
50385,55.81433487
50386,60.93451691
50387,59.13497162
50388,44.20664978
50389,37.90235901
50390,62.4888916
50391,103.3476791
50392,30.40372849
50393,46.83766937
50394,68.36692047
50395,146.4863892
50396,56.99977875
50397,68.96038818
50398,122.25383
50399,83.94654083
50400,38.09987259
50401,48.92045593
50402,119.4240036
50403,85.45800781
50404,21.38238907
50405,45.00600815
50406,125.6714859
50407,101.4700928
50408,203.3245239
50409,122.6574173
50410,214.1565399
50411,51.76149368
50412,85.38815308
50413,47.15855789
50414,75.21920013
50415,112.5395966
50416,52.26320648
50417,66.54037476
50418,77.46401978
50419,22.95801353
50420,259.6990051
50421,84.14633179
50422,40.86249161
50423,66.05448914
50424,89.41863251
50425,188.5579834
50426,139.0490112
50427,49.42333221
50428,111.336586
50429,79.39806366
50430,163.6291199
50431,77.47438812
50432,80.0668335
50433,54.79824829
50434,48.1378746
50435,52.54432678
50436,79.49301147
50437,77.82303619
50438,118.5611191
50439,236.2251587
50440,55.46614075
50441,57.3176384
50442,69.64434814
50443,30.59881401
50444,122.9508362
50445,445.5112305
50446,85.65424347
50447,39.00702667
50448,93.02431488
50449,94.2000351
50450,95.58990479
50451,133.5926514
50452,71.6267395
50453,51.17908859
50454,36.74145508
50455,51.45035172
50456,55.2685051
50457,69.6211319
50458,52.24397278
50459,91.46746826
50460,56.40628815
50461,21.83053398
50462,156.4027557
50463,75.347435
50464,103.3535309
50465,31.67204857
50466,112.9877396
50467,121.5111008
50468,258.9566345
50469,33.91924286
50470,78.0332489
50471,92.28044891
50472,43.70796585
50473,76.19061279
50474,108.0335312
50475,77.13542175
50476,42.99431992
50477,74.1810379
50478,70.27430725
50479,84.3615036
50480,67.45333099
50481,137.3285065
50482,173.411087
50483,13.0976038
50484,51.5788269
50485,303.7539673
50486,45.02643204
50487,32.96955109
50488,91.41578674
50489,414.1853943
50490,112.8806992
50491,119.9985275
50492,115.1806793
50493,44.23069
50494,67.81646729
50495,52.06715012
50496,53.20977783
50497,46.0481987
50498,84.64825439
50499,109.7670746
50500,35.18630219
50501,56.24620056
50502,23.13922691
50503,104.4500732
50504,55.55849075
50505,22.14432907
50506,34.94088364
50507,55.84461975
50508,51.48468781
50509,66.36119843
50510,51.7455368
50511,54.44353485
50512,42.93019104
50513,44.85663986
50514,76.49636078
50515,90.04100037
50516,93.20878601
50517,109.6938858
50518,69.03240204
50519,238.2277222
50520,172.3652039
50521,48.87694931
50522,89.31239319
50523,123.1505203
50524,20.89810944
50525,60.49113846
50526,152.4629669
50527,47.43539047
50528,47.79167175
50529,148.3159332
50530,75.67327118
50531,47.57365417
50532,60.78858185
50533,63.8071022
50534,84.67672729
50535,148.8083038
50536,84.89573669
50537,39.07595825
50538,208.3313904
50539,230.5917511
50540,22.20944214
50541,98.15579987
50542,61.81974792
50543,57.41059494
50544,78.05478668
50545,125.9421616
50546,28.03538132
50547,129.0569153
50548,61.61098099
50549,41.61594009
50550,101.9097748
50551,34.36423492
50552,102.3900452
50553,108.645668
50554,45.32660675
50555,82.31209564
50556,81.11051941
50557,34.42650986
50558,365.2988586
50559,129.9690552
50560,122.4851608
50561,250.7097626
50562,95.91020203
50563,54.00329208
50564,42.12956238
50565,97.17505646
50566,549.444458
50567,92.22131348
50568,69.80200195
50569,38.61061096
50570,63.39604187
50571,300.4962463
50572,177.7448425
50573,59.42277145
50574,83.08730316
50575,39.79014587
50576,78.4575882
50577,63.22423935
50578,73.1314621
50579,131.3492737
50580,78.45360565
50581,38.90640259
50582,27.42844009
50583,60.24326324
50584,90.2514801
50585,67.93367004
50586,109.0562439
50587,56.15079117
50588,38.92935944
50589,133.2507782
50590,68.55910492
50591,166.4072571
50592,113.0337067
50593,61.33128357
50594,60.63045883
50595,58.36588287
50596,81.41181946
50597,146.6691437
50598,108.2831726
50599,85.62744141
50600,56.76834869
50601,53.91639328
50602,522.3010864
50603,47.31790543
50604,88.56521606
50605,86.64170074
50606,32.19486237
50607,70.72329712
50608,108.496254
50609,48.25453186
50610,46.16744995
50611,43.79800797
50612,16.75017166
50613,169.6188049
50614,35.58726883
50615,97.02785492
50616,83.66696167
50617,75.52181244
50618,82.5151825
50619,63.38830948
50620,65.09115601
50621,116.2758789
50622,142.0488434
50623,103.156662
50624,86.82801819
50625,114.8281021
50626,112.5148315
50627,102.6394424
50628,71.69929504
50629,131.2464905
50630,43.17054367
50631,555.4335327
50632,112.4528046
50633,89.14291382
50634,271.2912292
50635,134.9223938
50636,250.5325623
50637,65.00906372
50638,71.043396
50639,44.98973846
50640,62.04590988
50641,24.30694008
50642,36.54753876
50643,88.5246048
50644,52.71954727
50645,81.06536102
50646,200.5734558
50647,141.6303101
50648,61.68964767
50649,48.03503418
50650,125.8652115
50651,55.01815414
50652,59.59695435
50653,40.58908463
50654,59.16659927
50655,54.19817352
50656,54.83836365
50657,184.1802063
50658,84.91653442
50659,118.9640121
50660,95.67462158
50661,59.8946228
50662,24.25374413
50663,25.45240402
50664,83.7641983
50665,52.61009979
50666,55.37136459
50667,41.20880127
50668,31.9488945
50669,136.5423126
50670,257.5578308
50671,34.50561905
50672,49.44132233
50673,49.93301773
50674,45.13528824
50675,53.70264053
50676,44.53406906
50677,71.67849731
50678,117.6019821
50679,107.7789917
50680,42.73924255
50681,154.5783539
50682,45.36170959
50683,83.90674591
50684,106.2884521
50685,123.1222305
50686,41.42100906
50687,130.6976624
50688,65.21068573
50689,37.63508606
50690,46.46526337
50691,78.07095337
50692,273.1274414
50693,67.32991791
50694,92.49198914
50695,300.2532959
50696,28.39673805
50697,149.1855774
50698,120.3655472
50699,97.14187622
50700,45.49761963
50701,121.7927399
50702,298.4984131
50703,55.89045715
50704,54.88129807
50705,33.08383942
50706,47.5199585
50707,112.1524124
50708,330.2572327
50709,65.51258087
50710,50.41194153
50711,145.9337769
50712,77.14922333
50713,30.57313538
50714,129.8092499
50715,73.61276245
50716,45.6906662
50717,47.25543976
50718,162.0350342
50719,57.24276733
50720,127.1306534
50721,114.2113037
50722,133.5176392
50723,58.81921768
50724,43.31182861
50725,102.4775772
50726,50.7762413
50727,65.35363007
50728,233.4564362
50729,56.52524185
50730,168.1576538
50731,321.6531067
50732,108.0960388
50733,48.12239838
50734,260.5272522
50735,171.8991547
50736,132.405304
50737,86.76499939
50738,128.1673584
50739,50.98495865
50740,49.2407074
50741,39.02814865
50742,104.8906403
50743,264.6371155
50744,81.98912048
50745,42.25045013
50746,184.2007294
50747,71.94684601
50748,201.5505981
50749,64.56913757
50750,107.7038193
50751,44.27936172
50752,77.70703125
50753,79.61313629
50754,43.5689621
50755,49.68235779
50756,52.47879028
50757,66.40731812
50758,48.99482346
50759,126.6004868
50760,46.26090622
50761,53.24024582
50762,70.46056366
50763,39.24003601
50764,42.33516312
50765,26.25183868
50766,47.33953094
50767,73.78643799
50768,78.40451813
50769,53.25455856
50770,47.53159332
50771,49.19817734
50772,112.4605103
50773,82.20165253
50774,118.6895523
50775,77.81789398
50776,141.8417206
50777,67.80921936
50778,108.2113266
50779,186.0523376
50780,88.48317719
50781,48.08550644
50782,34.36841583
50783,135.8221436
50784,95.14194489
50785,75.56401062
50786,49.53767776
50787,77.48130798
50788,110.7340546
50789,67.53662872
50790,64.0683136
50791,78.98639679
50792,84.41598511
50793,65.01325989
50794,57.39025497
50795,46.45740891
50796,69.85144806
50797,74.97721863
50798,228.3617096
50799,133.9362946
50800,103.8699341
50801,223.1570892
50802,100.7593918
50803,58.70058441
50804,136.8106689
50805,215.2627716
50806,47.95176697
50807,66.06745148
50808,96.2438736
50809,65.29772186
50810,94.87347412
50811,69.28240204
50812,210.1253967
50813,155.1868286
50814,190.6612854
50815,59.3900795
50816,57.94263458
50817,82.89143372
50818,94.53640747
50819,64.85355377
50820,169.9199829
50821,59.11593628
50822,135.6248474
50823,69.86948395
50824,407.5276794
50825,77.3136673
50826,155.2208405
50827,177.7658234
50828,49.42430115
50829,38.06990814
50830,63.75979233
50831,83.50617218
50832,83.60437775
50833,48.8418045
50834,69.43669891
50835,31.21844864
50836,59.55573273
50837,143.6570435
50838,66.20935059
50839,114.1434479
50840,30.64193344
50841,104.5231247
50842,42.86490631
50843,162.5960693
50844,53.502285
50845,48.25170898
50846,29.81076431
50847,78.07256317
50848,59.82820511
50849,30.16808319
50850,53.23806381
50851,67.4572525
50852,82.45442963
50853,55.18799973
50854,65.44179535
50855,99.32249451
50856,90.12200165
50857,79.10572052
50858,41.83675385
50859,55.88770676
50860,79.2122345
50861,168.8003845
50862,40.21184158
50863,203.8638458
50864,63.98808289
50865,227.9423828
50866,92.95936584
50867,49.43455124
50868,146.4077759
50869,68.99298096
50870,19.2129097
50871,77.10477448
50872,72.57365417
50873,141.5632324
50874,43.77163696
50875,80.01241302
50876,282.549408
50877,97.29710388
50878,126.3418732
50879,121.1481628
50880,126.9420624
50881,80.01486206
50882,267.4273071
50883,101.1097717
50884,59.59371567
50885,149.3454742
50886,149.0906677
50887,56.29678345
50888,39.78224945
50889,280.4564209
50890,76.59298706
50891,39.30144882
50892,34.33160782
50893,115.0627975
50894,78.59093475
50895,98.73503113
50896,149.3020172
50897,139.4956818
50898,81.75965118
50899,85.06381226
50900,77.0656662
50901,53.42533112
50902,144.8553314
50903,56.25649261
50904,53.54286194
50905,67.92341614
50906,47.47293091
50907,57.13807297
50908,90.01768494
50909,93.15960693
50910,79.56047058
50911,90.67553711
50912,69.73145294
50913,67.46054077
50914,207.9115448
50915,102.3581772
50916,66
50917,179.9723816
50918,132.7844696
50919,126.7616043
50920,39.86762619
50921,294.550354
50922,165.2699585
50923,102.6823044
50924,293.2522888
50925,47.14373398
50926,229.9373016
50927,55.91125488
50928,49.53354263
50929,64.89038849
50930,77.88592529
50931,60.01518631
50932,83.96302032
50933,53.08317947
50934,110.0286865
50935,142.6144257
50936,8.226037979
50937,45.51203918
50938,147.0106201
50939,48.67595673
50940,108.5196915
50941,28.50523949
50942,64.13297272
50943,56.56811523
50944,162.66716
50945,47.34310532
50946,43.19076157
50947,43.53338242
50948,43.28875732
50949,62.81283569
50950,194.288147
50951,66.67493439
50952,63.65350342
50953,49.72392273
50954,47.27083588
50955,121.4125977
50956,80.15821075
50957,46.59209061
50958,161.670639
50959,49.10128403
50960,206.7025452
50961,34.89459229
50962,132.7055969
50963,46.92811966
50964,232.2711487
50965,32.70227432
50966,70.90916443
50967,197.4653168
50968,135.3055725
50969,51.71815491
50970,187.1244354
50971,42.07143021
50972,52.86194229
50973,72.38211823
50974,175.2089081
50975,135.767807
50976,104.2039642
50977,19.8946991
50978,67.83034515
50979,44.28414917
50980,19.23315811
50981,62.2011528
50982,63.06940842
50983,355.1160889
50984,221.1606293
50985,67.36060333
50986,81.76157379
50987,112.4655838
50988,138.6599579
50989,193.9046173
50990,43.95154572
50991,39.64436722
50992,107.6900635
50993,218.9883728
50994,30.83224297
50995,68.68496704
50996,42.46280289
50997,150.5660706
50998,63.45682907
50999,78.90690613
51000,44.09747314
51001,150.4990387
51002,76.8314743
51003,64.67769623
51004,46.98016357
51005,189.5533295
51006,48.27467346
51007,38.00852966
51008,120.0947113
51009,52.41298294
51010,314.6645203
51011,102.0566635
51012,54.76751709
51013,54.56150436
51014,128.1372223
51015,72.52581024
51016,90.84375763
51017,35.63269806
51018,56.4380455
51019,25.3255825
51020,43.27627563
51021,60.63378906
51022,109.0660172
51023,32.40021515
51024,145.8293915
51025,12.87755108
51026,122.6142578
51027,85.1544342
51028,42.76086044
51029,39.71955109
51030,132.9620514
51031,47.41701889
51032,108.561203
51033,33.57455444
51034,288.4707336
51035,67.22883606
51036,38.41526031
51037,332.8902588
51038,76.20500183
51039,151.2924042
51040,130.3449097
51041,51.39541245
51042,42.11051941
51043,59.02297592
51044,57.09872818
51045,105.3965912
51046,48.67136383
51047,83.37735748
51048,214.201889
51049,80.80741882
51050,66.35622406
51051,92.42237091
51052,202.1650848
51053,70.39299011
51054,62.80913162
51055,76.81039429
51056,59.02440643
51057,121.7373886
51058,43.57557678
51059,88.96073151
51060,130.2415161
51061,37.96318436
51062,264.5979614
51063,134.6023102
51064,102.8793259
51065,62.3770256
51066,50.87028122
51067,116.6303329
51068,56.36368942
51069,345.2964172
51070,63.1622963
51071,188.4445953
51072,347.7275085
51073,134.2490692
51074,34.04439163
51075,24.83247185
51076,84.26973724
51077,348.3648987
51078,54.35097885
51079,68.41682434
51080,84.61844635
51081,132.5336456
51082,111.0398407
51083,63.58802795
51084,50.19717789
51085,180.6699829
51086,30.77401543
51087,122.5332947
51088,118.005867
51089,200.2939453
51090,66.1975708
51091,114.1868973
51092,371.2907104
51093,142.5375061
51094,38.47611237
51095,230.780426
51096,147.9454498
51097,147.1950226
51098,59.95573807
51099,133.093689
51100,92.24967957
51101,42.13670731
51102,82.54055786
51103,105.111763
51104,52.07520294
51105,44.67555618
51106,85.15245819
51107,76.07292938
51108,58.55781555
51109,34.08029938
51110,99.00940704
51111,109.7277298
51112,65.29885864
51113,61.49130249
51114,46.75214767
51115,61.48339844
51116,61.58207703
51117,94.4620285
51118,38.1534996
51119,54.02193069
51120,76.53205109
51121,31.5316391
51122,89.52994537
51123,83.84572601
51124,26.51712227
51125,66.04616547
51126,70.11164093
51127,87.61384583
51128,113.9394989
51129,122.7527618
51130,109.0524521
51131,304.1148682
51132,166.8942261
51133,58.51218796
51134,100.9063873
51135,70.37676239
51136,202.914505
51137,89.73536682
51138,93.76496124
51139,147.3451691
51140,78.90391541
51141,75.39681244
51142,89.38498688
51143,438.8480225
51144,77.74819946
51145,44.13034439
51146,80.34075165
51147,199.9202728
51148,102.3770142
51149,45.07791138
51150,276.3633728
51151,85.10336304
51152,72.43680573
51153,42.50079727
51154,29.30487633
51155,86.85162354
51156,57.16882706
51157,141.0746155
51158,123.4747238
51159,52.48910904
51160,97.42482758
51161,198.2373352
51162,60.5895462
51163,49.88607788
51164,75.78543854
51165,107.5614014
51166,36.80864334
51167,45.36778259
51168,46.39083862
51169,45.56067657
51170,197.2615051
51171,78.56739807
51172,81.14221191
51173,121.4932404
51174,130.6567688
51175,72.88087463
51176,103.39077
51177,74.0967865
51178,121.2944717
51179,36.46977615
51180,57.63695145
51181,151.2413788
51182,21.041996
51183,42.50654221
51184,68.31958771
51185,115.0338287
51186,41.31878281
51187,87.50588226
51188,150.2197418
51189,48.39169312
51190,75.48072815
51191,121.9686661
51192,141.8179016
51193,80.08880615
51194,21.67769241
51195,45.10694122
51196,60.38156128
51197,58.39959335
51198,147.6217346
51199,132.1991425
51200,296.9960022
51201,64.60014343
51202,54.99425888
51203,156.562912
51204,147.8111725
51205,75.50873566
51206,98.39272308
51207,52.06793976
51208,47.92348099
51209,357.8311462
51210,165.6027527
51211,95.61841583
51212,41.0216713
51213,73.3529892
51214,76.75839996
51215,61.81293488
51216,51.57539368
51217,89.55545807
51218,252.7278442
51219,90.20492554
51220,80.38634491
51221,91.1932373
51222,97.38916016
51223,40.59086609
51224,87.72138214
51225,85.88014984
51226,54.47082901
51227,37.98521805
51228,58.21593857
51229,56.01655579
51230,47.39928055
51231,54.23437119
51232,115.4600677
51233,127.8395767
51234,135.9139252
51235,47.64343262
51236,48.22253799
51237,64.53075409
51238,113.6303177
51239,65.62670898
51240,31.91889572
51241,64.58257294
51242,34.42983246
51243,89.12425995
51244,73.93632507
51245,68.53040314
51246,44.7021637
51247,238.9171143
51248,50.51665115
51249,51.5606842
51250,41.46387482
51251,49.61838913
51252,57.85168076
51253,62.89175797
51254,122.8521576
51255,51.61969376
51256,136.3231659
51257,104.3994446
51258,56.68371582
51259,68.13033295
51260,61.50390625
51261,71.98203278
51262,216.471756
51263,45.98311234
51264,57.50924683
51265,65.93193054
51266,389.9559631
51267,123.6006088
51268,41.67327499
51269,178.3809357
51270,37.13302231
51271,62.23799133
51272,102.2638779
51273,86.18225861
51274,143.3319855
51275,53.7599411
51276,125.4878616
51277,68.5976181
51278,43.86869049
51279,39.84719849
51280,63.57803345
51281,31.58148956
51282,168.4103546
51283,80.59372711
51284,114.299263
51285,87.49858093
51286,32.80830002
51287,65.17179871
51288,68.13908386
51289,168.837616
51290,142.5086517
51291,76.80456543
51292,43.3764801
51293,127.0425644
51294,112.3314667
51295,81.97550964
51296,97.34814453
51297,46.16921234
51298,93.10393524
51299,44.48197174
51300,67.66365814
51301,212.6066895
51302,132.7976379
51303,152.7545319
51304,76.56307983
51305,130.3311615
51306,50.26947784
51307,99.91975403
51308,112.9211273
51309,78.90868378
51310,42.55403137
51311,77.66992188
51312,41.18602371
51313,35.20286179
51314,105.712883
51315,52.35866928
51316,67.29277802
51317,64.30583191
51318,110.3913727
51319,119.9850845
51320,94.86125946
51321,55.58285904
51322,78.37341309
51323,66.43784332
51324,133.9929504
51325,19.84604454
51326,90.89740753
51327,77.40550995
51328,70.84477234
51329,69.26531982
51330,65.76700592
51331,45.14105225
51332,272.2797852
51333,56.85953903
51334,316.706665
51335,136.1044006
51336,38.4868927
51337,94.68474579
51338,26.93224335
51339,47.67287064
51340,63.21800613
51341,67.11168671
51342,100.6428909
51343,70.79449463
51344,61.92086792
51345,116.1322784
51346,45.96221542
51347,80.2301712
51348,101.3544693
51349,279.8199463
51350,147.7970276
51351,66.92562103
51352,81.21192932
51353,69.06950378
51354,50.66471863
51355,111.3279495
51356,151.0412598
51357,57.90034866
51358,36.9332962
51359,44.83423615
51360,134.5511169
51361,52.59698868
51362,50.08472824
51363,23.00852013
51364,102.7934647
51365,62.8133049
51366,185.2733154
51367,373.6419983
51368,137.4141388
51369,83.12511444
51370,76.23475647
51371,30.82727242
51372,41.4266777
51373,106.4153671
51374,51.15260696
51375,23.66941071
51376,311.8469849
51377,148.0630188
51378,73.37591553
51379,79.93294525
51380,68.19113922
51381,176.776123
51382,39.96096802
51383,42.20803452
51384,43.46695709
51385,78.66558075
51386,66.27814484
51387,274.6772766
51388,106.4766464
51389,62.9250412
51390,329.146759
51391,222.6178131
51392,76.47823334
51393,73.90550232
51394,37.62250519
51395,92.63021851
51396,32.3366394
51397,84.60394287
51398,78.55472565
51399,89.31835938
51400,88.88516235
51401,275.06073
51402,54.66850281
51403,48.54201508
51404,117.8141556
51405,58.70994186
51406,147.8842621
51407,103.0468521
51408,61.73611069
51409,191.4025726
51410,130.5383911
51411,88.88729858
51412,52.68771362
51413,66.70515442
51414,116.9996643
51415,83.58152771
51416,97.10229492
51417,208.7137451
51418,41.69026566
51419,48.47209549
51420,28.41429901
51421,139.542038
51422,47.34293747
51423,389.6737671
51424,38.61584473
51425,8.308489799
51426,51.74177551
51427,85.87552643
51428,64.11599731
51429,91.09866333
51430,199.9303741
51431,201.8655548
51432,89.44086456
51433,48.23602295
51434,99.04686737
51435,264.7546997
51436,51.26412201
51437,31.62636566
51438,46.16291809
51439,146.61026
51440,52.42133331
51441,117.4616165
51442,91.88703918
51443,31.02978134
51444,46.38333893
51445,197.3044434
51446,163.1595306
51447,110.5049438
51448,66.47376251
51449,68.73304749
51450,94.52361298
51451,63.17473984
51452,137.9915009
51453,143.9327698
51454,77.26259613
51455,51.98603058
51456,66.98261261
51457,236.3581696
51458,53.8903923
51459,48.3261528
51460,62.43861771
51461,98.98610687
51462,36.59806442
51463,59.54563904
51464,44.85018921
51465,69.73498535
51466,183.48909
51467,100.162262
51468,41.54376984
51469,100.0664978
51470,250.9486847
51471,60.73955154
51472,52.83210373
51473,37.6758728
51474,59.3382225
51475,115.7954254
51476,155.6552887
51477,124.0098724
51478,39.73031616
51479,41.95153427
51480,115.2656555
51481,60.19031906
51482,65.53619385
51483,51.28733444
51484,103.5117722
51485,93.98271942
51486,80.77397156
51487,33.25675964
51488,87.3380127
51489,81.68698883
51490,85.49291229
51491,144.6188812
51492,191.4851379
51493,74.83951569
51494,103.6779327
51495,93.19213104
51496,137.7398529
51497,117.1123047
51498,171.4634857
51499,40.01631546
51500,168.2811127
51501,43.74333572
51502,241.8937531
51503,159.6739349
51504,58.12313843
51505,102.0701294
51506,48.41300201
51507,350.3873596
51508,169.6526031
51509,177.0922546
51510,112.4030457
51511,79.21092224
51512,58.9953537
51513,108.8360291
51514,70.98561096
51515,126.3208084
51516,134.5313568
51517,31.94186592
51518,39.876194
51519,61.02086258
51520,95.36459351
51521,78.01464844
51522,123.2171249
51523,66.24708557
51524,69.34759521
51525,32.33692551
51526,51.19142914
51527,125.1170197
51528,85.93597412
51529,99.036026
51530,89.32427979
51531,85.28672028
51532,140.0517426
51533,307.9268799
51534,83.45488739
51535,51.12539291
51536,39.47734451
51537,30.48922729
51538,37.81403351
51539,57.96871567
51540,77.76107788
51541,72.74544525
51542,219.0374451
51543,136.4784698
51544,133.5924225
51545,50.3195343
51546,86.56034851
51547,87.3844223
51548,91.99020386
51549,51.69247818
51550,94.54047394
51551,33.08736038
51552,273.2051697
51553,72.79789734
51554,404.639801
51555,30.63132477
51556,334.6170959
51557,70.5089798
51558,117.3337097
51559,39.03591156
51560,82.53218079
51561,94.04057312
51562,73.548172
51563,77.16557312
51564,45.94817352
51565,153.6813507
51566,76.30175781
51567,130.0513458
51568,65.72422028
51569,38.16067886
51570,59.11552811
51571,68.76872253
51572,51.07351303
51573,84.85488129
51574,77.20404053
51575,290.7876892
51576,66.62137604
51577,156.8166046
51578,365.8675232
51579,172.2718658
51580,46.89083099
51581,42.61478424
51582,40.31101608
51583,64.5524826
51584,82.11071777
51585,54.16330338
51586,21.98260117
51587,54.15432739
51588,38.91616821
51589,187.0539703
51590,38.03769684
51591,107.7612457
51592,66.56496429
51593,107.7312546
51594,28.6315136
51595,38.20788574
51596,61.42234039
51597,34.50666046
51598,127.6504593
51599,125.4272385
51600,35.48762512
51601,39.98744202
51602,63.57482147
51603,50.21973038
51604,79.42551422
51605,120.0091629
51606,55.05353928
51607,161.0890656
51608,44.90237427
51609,44.83778763
51610,36.51167297
51611,370.8153687
51612,46.38705826
51613,94.78412628
51614,144.4965057
51615,43.94358444
51616,69.51198578
51617,101.6101837
51618,69.36061859
51619,67.0535965
51620,122.2907257
51621,78.57649994
51622,56.3588829
51623,38.06415939
51624,79.26235199
51625,58.50698471
51626,96.51486969
51627,85.74208832
51628,35.98346329
51629,70.65596008
51630,100.3239365
51631,73.87166595
51632,187.4074097
51633,44.4641304
51634,204.7182159
51635,60.58262634
51636,104.6873093
51637,34.52586746
51638,251.3530884
51639,41.16451263
51640,52.51541138
51641,61.87827301
51642,14.84300137
51643,67.72509766
51644,49.46406555
51645,43.38792419
51646,57.59709167
51647,47.19522095
51648,69.23912811
51649,50.30310822
51650,48.60255432
51651,21.67900276
51652,57.85936356
51653,57.50314713
51654,102.4338531
51655,82.68773651
51656,159.0289764
51657,90.83069611
51658,62.97514343
51659,66.91609192
51660,90.28417969
51661,61.68112183
51662,61.12322617
51663,65.67108154
51664,44.4730072
51665,149.0021973
51666,40.83860779
51667,220.3236389
51668,118.813324
51669,53.01636124
51670,68.01363373
51671,66.1964035
51672,50.05430603
51673,147.4859161
51674,217.7188568
51675,89.98299408
51676,203.1271057
51677,70.89369202
51678,52.94133377
51679,73.12020874
51680,70.37866974
51681,41.42908859
51682,44.0756073
51683,83.71190643
51684,68.68896484
51685,40.89897537
51686,125.851944
51687,37.87306595
51688,108.7927475
51689,52.62220764
51690,308.3121033
51691,134.7558899
51692,48.03694534
51693,30.87880707
51694,73.37799072
51695,191.4958649
51696,46.51955032
51697,38.55763626
51698,32.98285294
51699,78.20330811
51700,99.63435364
51701,457.4420166
51702,53.77976227
51703,38.50810623
51704,66.13285065
51705,61.09367371
51706,245.9315643
51707,42.75156403
51708,44.59257507
51709,75.74531555
51710,90.25086975
51711,80.87963104
51712,78.55368042
51713,88.75765991
51714,27.54298592
51715,167.1525574
51716,127.1625748
51717,171.8010864
51718,55.14212418
51719,55.20420837
51720,225.7844086
51721,479.8664246
51722,86.61347961
51723,99.64115906
51724,15.33855534
51725,142.8943481
51726,116.4080811
51727,44.92861176
51728,54.63335419
51729,353.4488525
51730,76.44683838
51731,68.11514282
51732,222.5515594
51733,61.75914001
51734,93.57299042
51735,91.52120972
51736,40.39292526
51737,42.1432724
51738,200.5963287
51739,515.4613647
51740,37.2821579
51741,56.03713226
51742,76.9079895
51743,101.0965652
51744,36.42673874
51745,73.99172211
51746,56.11735153
51747,76.64039612
51748,61.72887421
51749,129.4892426
51750,31.02458
51751,330.5187378
51752,104.6238098
51753,74.28735352
51754,109.7501755
51755,58.50314331
51756,70.71538544
51757,53.26885223
51758,58.69444275
51759,278.2221375
51760,98.14123535
51761,99.07343292
51762,94.49647522
51763,84.96619415
51764,100.0117111
51765,45.63157654
51766,52.51992035
51767,84.80189514
51768,82.07712555
51769,85.15646362
51770,46.33527756
51771,35.01607132
51772,81.97716522
51773,240.4239349
51774,77.55495453
51775,82.98080444
51776,56.177742
51777,108.0202408
51778,88.2869339
51779,118.2381363
51780,48.36573792
51781,42.38238525
51782,77.28235626
51783,51.14004898
51784,144.6575775
51785,110.4282684
51786,138.8449097
51787,52.79194641
51788,68.27461243
51789,95.00418854
51790,95.01739502
51791,46.44414139
51792,37.11194992
51793,328.2502747
51794,55.56597137
51795,87.82156372
51796,72.12546539
51797,79.8407135
51798,209.5228119
51799,97.10480499
51800,48.08496475
51801,478.7042847
51802,41.22325516
51803,27.20466995
51804,87.65207672
51805,95.25634766
51806,52.64370728
51807,52.80224228
51808,132.8968048
51809,40.68005753
51810,109.7841492
51811,110.3412857
51812,142.5249176
51813,241.3082733
51814,570.0692749
51815,59.52931595
51816,48.44240952
51817,168.753891
51818,109.4113693
51819,142.1538239
51820,107.7760468
51821,39.9480629
51822,52.98688126
51823,53.7564621
51824,38.04587173
51825,59.72770309
51826,231.9679108
51827,70.09903717
51828,49.93703842
51829,60.36904526
51830,131.3873901
51831,80.40630341
51832,81.63198853
51833,107.7319489
51834,124.6288223
51835,54.1623497
51836,63.60489655
51837,52.60172653
51838,16.94990921
51839,47.02209091
51840,115.7941284
51841,119.8729935
51842,168.474823
51843,77.13903046
51844,101.4485626
51845,103.5777512
51846,59.5060463
51847,101.5025101
51848,114.9953003
51849,61.99823761
51850,390.6719055
51851,52.75171661
51852,66.41842651
51853,127.9005585
51854,50.47630692
51855,324.0334778
51856,86.82208252
51857,205.3330383
51858,63.15951538
51859,80.04380798
51860,42.75376129
51861,126.9664612
51862,171.7787628
51863,272.8171692
51864,50.71969223
51865,78.16557312
51866,69.2840271
51867,47.61394119
51868,-7.602704048
51869,57.45697403
51870,65.61960602
51871,91.06069183
51872,161.9169312
51873,72.39675903
51874,59.74365997
51875,139.6447601
51876,160.2728729
51877,49.76130676
51878,35.65582275
51879,54.91569901
51880,110.591095
51881,49.52600098
51882,172.4623718
51883,131.2476959
51884,70.16752625
51885,37.96766281
51886,24.45334244
51887,85.33972168
51888,69.8638916
51889,38.55158234
51890,97.16622162
51891,61.82131195
51892,27.68622589
51893,190.5999298
51894,104.0933914
51895,51.40654373
51896,93.52760315
51897,62.35565948
51898,100.8134613
51899,165.260376
51900,95.39266205
51901,65.35984802
51902,50.51368332
51903,49.3913269
51904,46.92054749
51905,90.05921936
51906,105.7523956
51907,79.76769257
51908,29.02754021
51909,59.55953217
51910,20.26438904
51911,132.4614716
51912,59.06676483
51913,181.4655151
51914,114.5236816
51915,222.4049377
51916,107.2402115
51917,122.600914
51918,79.37253571
51919,62.19533539
51920,22.30978775
51921,119.0528259
51922,65.53434753
51923,179.1900635
51924,90.25587463
51925,120.922493
51926,175.195694
51927,68.58185577
51928,128.7902527
51929,78.25205994
51930,155.1698761
51931,151.8498688
51932,88.72640991
51933,38.08842087
51934,300.7787476
51935,35.1207695
51936,64.90190887
51937,48.95148468
51938,151.2033081
51939,103.9226227
51940,78.2569046
51941,74.69443512
51942,144.002121
51943,49.08406448
51944,58.26287079
51945,240.21138
51946,117.5242767
51947,217.0210114
51948,146.0804749
51949,35.99367142
51950,85.41304779
51951,80.40877533
51952,121.9681702
51953,68.27040863
51954,21.42842865
51955,69.24163055
51956,246.9291992
51957,167.2595825
51958,45.43292236
51959,68.08035278
51960,70.89715576
51961,48.86777878
51962,53.57958984
51963,79.72748566
51964,57.64134598
51965,37.6515007
51966,79.4824295
51967,52.04071808
51968,44.22003937
51969,47.83772659
51970,67.95510101
51971,76.87149811
51972,157.0324402
51973,79.88424683
51974,179.6083984
51975,53.70908356
51976,245.6628418
51977,244.8800354
51978,41.2352562
51979,50.31973267
51980,72.89022064
51981,39.27408218
51982,100.3935089
51983,68.2479248
51984,205.1383362
51985,83.23680878
51986,331.1668091
51987,140.6929169
51988,94.51545715
51989,90.00213623
51990,65.37900543
51991,59.58641815
51992,32.6450882
51993,43.61413956
51994,182.0125885
51995,41.53623199
51996,64.07600403
51997,55.91198349
51998,55.93315125
51999,62.95291138
52000,53.73786545
52001,59.05695724
52002,69.95467377
52003,45.43056488
52004,80.97983551
52005,29.33502007
52006,197.5252838
52007,78.22743988
52008,61.62031174
52009,87.03081512
52010,236.2864532
52011,58.17665482
52012,32.07824707
52013,38.65500641
52014,28.9846077
52015,170.1014557
52016,60.95500565
52017,506.4151611
52018,55.7591362
52019,83.40779114
52020,81.31615448
52021,45.9440155
52022,76.753685
52023,57.66424561
52024,171.162323
52025,62.73152161
52026,225.2894287
52027,78.37865448
52028,199.5534668
52029,174.8694611
52030,44.9173317
52031,59.44485855
52032,66.50283813
52033,53.93098068
52034,24.52557373
52035,67.73799133
52036,48.17262268
52037,49.55106354
52038,54.07867432
52039,59.75045395
52040,127.2233505
52041,77.26535797
52042,36.3289299
52043,117.8489075
52044,140.2303467
52045,72.92520142
52046,30.92325592
52047,118.8933487
52048,100.7732239
52049,47.8523941
52050,49.6940155
52051,144.3908997
52052,64.68610382
52053,98.35536194
52054,77.39824677
52055,90.35044098
52056,55.72370529
52057,55.80308533
52058,150.6881409
52059,150.1858978
52060,45.73246002
52061,118.4807892
52062,32.56115341
52063,185.6828461
52064,98.51826477
52065,42.86357117
52066,96.12982178
52067,120.8739777
52068,340.6369019
52069,60.58883286
52070,51.33821487
52071,363.4680786
52072,150.6311798
52073,40.43986893
52074,65.4823761
52075,35.0755043
52076,63.24382019
52077,76.94765472
52078,33.26424789
52079,133.4274902
52080,134.6092834
52081,34.15628052
52082,220.3716583
52083,68.73458099
52084,59.80003738
52085,51.16759872
52086,77.2811203
52087,103.6551285
52088,104.1356583
52089,34.554039
52090,48.05363083
52091,113.6585312
52092,106.0144653
52093,53.41839218
52094,49.08659744
52095,27.57383347
52096,59.45849609
52097,92.37934875
52098,49.77104187
52099,46.32966614
52100,53.87260056
52101,47.99740982
52102,69.6072998
52103,105.8183594
52104,12.74404907
52105,81.41002655
52106,85.87068939
52107,85.76683044
52108,35.43465424
52109,202.776001
52110,40.80470276
52111,225.8106079
52112,65.33056641
52113,88.4289856
52114,107.5555801
52115,111.2066879
52116,73.92893219
52117,37.17940903
52118,80.26177979
52119,66.0803299
52120,88.66552734
52121,293.0866699
52122,96.54840088
52123,70.55518341
52124,95.20306396
52125,326.5403442
52126,48.37093735
52127,48.77558517
52128,41.26295471
52129,122.7219696
52130,60.64970779
52131,166.2376862
52132,480.658844
52133,59.81941986
52134,99.03707886
52135,71.2846756
52136,59.52479935
52137,55.46024704
52138,80.30224609
52139,106.6792221
52140,89.90788269
52141,108.3524475
52142,144.1058807
52143,121.0009003
52144,383.0534363
52145,100.3532333
52146,60.47901535
52147,265.5731201
52148,86.08554077
52149,78.30847931
52150,296.8524475
52151,81.65071106
52152,85.77287292
52153,105.0396805
52154,273.4594421
52155,136.2845459
52156,62.64717102
52157,129.792038
52158,75.62647247
52159,39.6930542
52160,53.64061737
52161,75.30621338
52162,37.01885223
52163,44.65913773
52164,39.77081299
52165,84.36491394
52166,49.35391998
52167,179.6441956
52168,88.18238068
52169,28.64156342
52170,33.03371811
52171,139.3960724
52172,57.72047806
52173,186.8561096
52174,91.73421478
52175,24.8041172
52176,33.69977188
52177,31.88199425
52178,52.7818985
52179,290.0115051
52180,54.19892502
52181,104.1948013
52182,53.47304153
52183,65.20519257
52184,52.95705032
52185,33.26716232
52186,62.91170502
52187,76.33442688
52188,126.1865463
52189,101.3881531
52190,78.96086884
52191,127.1689453
52192,147.2787323
52193,45.733181
52194,26.00420761
52195,63.35853577
52196,32.09809875
52197,47.12410355
52198,133.4198608
52199,42.97505951
52200,62.88942337
52201,27.22004128
52202,99.51435089
52203,130.1291351
52204,122.3980484
52205,34.12949753
52206,82.19284058
52207,92.06011963
52208,86.72036743
52209,55.93686295
52210,134.273407
52211,55.27518463
52212,52.01641846
52213,80.83603668
52214,86.65655518
52215,49.76572418
52216,39.11561966
52217,231.2981262
52218,71.47856903
52219,86.46848297
52220,52.21048355
52221,69.36930847
52222,112.9521484
52223,71.49493408
52224,205.9842987
52225,44.27048874
52226,143.1297607
52227,148.3181458
52228,40.24368668
52229,95.33246613
52230,78.32501984
52231,131.9039154
52232,48.92789459
52233,74.52399445
52234,71.77197266
52235,116.549324
52236,106.3553848
52237,31.19341278
52238,51.7417984
52239,25.02378464
52240,35.43356323
52241,133.869339
52242,61.99002838
52243,45.00039291
52244,76.10480499
52245,159.040741
52246,46.54969406
52247,78.69927979
52248,163.4771576
52249,29.05212784
52250,181.5400391
52251,61.52225876
52252,63.58317184
52253,122.2059708
52254,40.65907288
52255,37.63127899
52256,350.747467
52257,107.115593
52258,71.93304443
52259,37.63033676
52260,42.8736496
52261,36.76610184
52262,26.27445984
52263,122.6421661
52264,81.67345428
52265,70.3445282
52266,57.31183243
52267,76.64311981
52268,63.54978561
52269,108.1818314
52270,95.36457825
52271,88.37028503
52272,30.94048309
52273,127.4658279
52274,63.6905632
52275,103.9845734
52276,53.10398865
52277,67.5990448
52278,57.43337631
52279,44.02401733
52280,30.58215714
52281,65.5251236
52282,86.57925415
52283,136.6482086
52284,127.8984451
52285,165.418335
52286,133.2751312
52287,40.87361145
52288,100.8338928
52289,79.20036316
52290,44.35594177
52291,79.79879761
52292,94.57868958
52293,217.562912
52294,95.6626358
52295,98.70570374
52296,47.53378296
52297,9.340397835
52298,71.00719452
52299,121.6138611
52300,232.3168793
52301,375.100769
52302,61.86605453
52303,73.57195282
52304,186.1629791
52305,129.0927277
52306,66.42835236
52307,192.6613007
52308,28.63019562
52309,76.27485657
52310,70.02376556
52311,224.2349091
52312,53.39748383
52313,90.53328705
52314,45.48638535
52315,58.53752518
52316,78.96555328
52317,132.8381195
52318,59.69290924
52319,47.21130753
52320,68.03238678
52321,46.78418732
52322,139.5625458
52323,62.42870331
52324,50.77106094
52325,142.7802429
52326,42.88102341
52327,44.42314911
52328,67.05434418
52329,94.41008759
52330,91.47976685
52331,353.85849
52332,31.72123528
52333,54.71636963
52334,160.2012482
52335,91.056427
52336,108.3602219
52337,41.10923767
52338,128.5010223
52339,351.7225952
52340,51.60130692
52341,89.42298889
52342,125.4365234
52343,54.61362457
52344,152.7923584
52345,49.68675232
52346,86.70289612
52347,87.26079559
52348,161.8506012
52349,78.81781769
52350,143.2826843
52351,54.18819046
52352,50.66788483
52353,78.01132202
52354,53.78424454
52355,112.0480118
52356,53.0837059
52357,79.53794098
52358,108.2398376
52359,58.55408859
52360,71.75041199
52361,57.45206833
52362,139.6464539
52363,100.5820541
52364,429.0906372
52365,73.50390625
52366,31.20820045
52367,57.5647316
52368,112.8824615
52369,74.97627258
52370,115.1262436
52371,53.17376328
52372,59.54169464
52373,119.929985
52374,38.6174469
52375,155.0656891
52376,68.18229675
52377,143.5863647
52378,69.10458374
52379,101.3671875
52380,37.48727798
52381,59.66850281
52382,78.41035461
52383,155.6820679
52384,54.35355377
52385,190.4786224
52386,108.502739
52387,152.3110504
52388,172.255249
52389,43.59500885
52390,237.3767548
52391,115.1733932
52392,200.64711
52393,143.3674774
52394,165.0247955
52395,93.60862732
52396,61.65514755
52397,44.06413269
52398,53.12110519
52399,57.46881104
52400,32.65578079
52401,69.44739532
52402,48.84293747
52403,56.28005981
52404,111.5247269
52405,119.1960602
52406,230.3879852
52407,64.63545227
52408,37.12364197
52409,65.64603424
52410,56.18563461
52411,52.592659
52412,132.3088989
52413,106.4231567
52414,55.66911316
52415,77.17268372
52416,148.8265076
52417,88.65371704
52418,109.1118546
52419,126.772995
52420,95.07445526
52421,24.89896011
52422,77.80628967
52423,339.3209534
52424,87.37204742
52425,89.80721283
52426,69.18978119
52427,111.8552246
52428,51.46280289
52429,18.21766853
52430,75.36953735
52431,34.84328079
52432,151.9408875
52433,28.57579613
52434,61.44765854
52435,118.5428314
52436,153.4129944
52437,54.58706665
52438,44.93246841
52439,66.28484344
52440,286.9293823
52441,94.57504272
52442,78.54398346
52443,74.09973145
52444,318.6495667
52445,109.2732925
52446,77.83128357
52447,127.5388184
52448,59.96740341
52449,142.4679871
52450,102.5955658
52451,62.54059982
52452,225.0703888
52453,93.45204163
52454,358.0662537
52455,61.56447983
52456,60.37995148
52457,51.28396225
52458,54.34432602
52459,92.97963715
52460,69.80574036
52461,99.67749786
52462,110.1917725
52463,40.79089737
52464,36.72372055
52465,131.0291138
52466,86.40817261
52467,60.14928436
52468,42.53902435
52469,57.41502762
52470,49.83713531
52471,55.5579071
52472,24.73404312
52473,216.7896118
52474,93.88663483
52475,67.84377289
52476,44.39833069
52477,30.18135643
52478,67.15379333
52479,46.17227554
52480,244.8663788
52481,165.4848938
52482,56.95757294
52483,59.83526993
52484,43.88077164
52485,55.64455032
52486,41.31010437
52487,103.7192612
52488,67.10492706
52489,183.0631866
52490,80.84721375
52491,32.68098831
52492,162.1044617
52493,105.8906937
52494,72.27889252
52495,40.83280563
52496,55.81089401
52497,69.96985626
52498,73.35271454
52499,63.6859436
52500,89.30450439
52501,66.12648773
52502,36.68488312
52503,130.7630157
52504,71.1836853
52505,101.9359818
52506,36.24411011
52507,81.98744202
52508,418.6213379
52509,47.36386871
52510,25.99059296
52511,49.7252121
52512,150.3022614
52513,41.40089417
52514,41.47193146
52515,80.86745453
52516,80.61830139
52517,99.46439362
52518,240.2785492
52519,112.2242355
52520,53.94184494
52521,81.06510925
52522,35.25521851
52523,62.35885239
52524,275.625946
52525,80.58812714
52526,92.28498077
52527,139.1414948
52528,124.9884491
52529,242.7679749
52530,59.80603027
52531,101.7376938
52532,45.48152542
52533,73.52005005
52534,54.8911705
52535,53.94975662
52536,114.8061752
52537,150.7279053
52538,150.6387024
52539,54.87503815
52540,157.1654968
52541,29.32021332
52542,47.9865303
52543,52.48000717
52544,60.22343445
52545,35.85868454
52546,41.50958252
52547,39.78560638
52548,39.70671082
52549,65.44776154
52550,61.81984329
52551,81.24133301
52552,88.99957275
52553,125.6905212
52554,46.29152679
52555,67.40612793
52556,42.48209381
52557,67.97005463
52558,144.4884491
52559,156.3101654
52560,63.15879059
52561,59.87234879
52562,37.75309372
52563,74.66656494
52564,54.1678772
52565,48.00016403
52566,194.0459747
52567,83.58435822
52568,250.0817871
52569,64.65666962
52570,96.39492035
52571,51.26614761
52572,62.03913879
52573,437.4133606
52574,46.67260742
52575,64.32489014
52576,50.23060608
52577,109.2199631
52578,37.09319687
52579,98.94159698
52580,151.3108368
52581,77.48020172
52582,36.68035889
52583,43.17197037
52584,39.9137764
52585,49.12877655
52586,31.3745575
52587,72.78649902
52588,123.2282867
52589,54.29538727
52590,90.22255707
52591,218.3183136
52592,52.7951088
52593,71.11529541
52594,122.4428024
52595,69.15330505
52596,46.26623154
52597,119.6542816
52598,46.78112411
52599,101.6858521
52600,176.0597687
52601,42.78321075
52602,101.2477722
52603,44.86286163
52604,61.10253525
52605,70.24188232
52606,65.61667633
52607,69.29719543
52608,111.2382431
52609,86.3166275
52610,93.69694519
52611,129.847641
52612,97.23571777
52613,43.44712067
52614,133.1199188
52615,71.71083832
52616,47.62931061
52617,482.5948486
52618,202.5011139
52619,302.1708679
52620,88.37075043
52621,342.3982239
52622,41.34199905
52623,54.77902222
52624,335.7036743
52625,77.44911957
52626,100.6616821
52627,68.20212555
52628,88.51572418
52629,130.5884094
52630,154.9223022
52631,52.9665184
52632,14.2135458
52633,135.9766998
52634,80.97570038
52635,292.4100037
52636,80.68810272
52637,127.3015366
52638,132.7640839
52639,49.6052475
52640,82.07784271
52641,56.75306702
52642,51.61895752
52643,393.5255432
52644,121.4203491
52645,106.9273071
52646,57.5121727
52647,137.6425476
52648,116.7678528
52649,92.84407806
52650,97.54857635
52651,36.66107559
52652,144.7376556
52653,33.72327805
52654,43.63832855
52655,98.86254883
52656,55.41293335
52657,73.41469574
52658,55.19839859
52659,41.50126266
52660,203.1873779
52661,84.16134644
52662,318.5076294
52663,108.5712891
52664,72.63732147
52665,46.96713257
52666,100.328392
52667,77.76429749
52668,204.1760101
52669,66.99628448
52670,31.15456963
52671,66.20307159
52672,42.20666504
52673,65.88527679
52674,81.68938446
52675,92.37325287
52676,53.3260498
52677,222.6798553
52678,144.3910065
52679,183.8531647
52680,30.08788872
52681,43.59250259
52682,35.765625
52683,81.64830017
52684,134.1049347
52685,97.36029816
52686,32.77508545
52687,184.4609528
52688,34.26007843
52689,53.66381836
52690,274.1665955
52691,102.3816681
52692,77.76329041
52693,56.72592545
52694,53.53687668
52695,114.8270416
52696,59.35404205
52697,75.7967453
52698,30.89879036
52699,133.8330841
52700,89.38712311
52701,30.77108765
52702,69.95581055
52703,49.51789474
52704,73.26672363
52705,263.3657227
52706,61.0310936
52707,213.0613251
52708,48.0196991
52709,33.36162567
52710,131.1694641
52711,171.8793793
52712,38.708992
52713,65.18730927
52714,178.2584076
52715,58.54771042
52716,133.6981201
52717,149.4301605
52718,45.12871933
52719,288.6022339
52720,39.95989227
52721,92.90187073
52722,136.6922455
52723,56.75834656
52724,130.0432281
52725,42.58694839
52726,38.47745895
52727,111.4499207
52728,64.72006226
52729,43.0491066
52730,20.74124146
52731,88.55528259
52732,49.76015854
52733,61.73297501
52734,47.38539505
52735,344.069519
52736,121.641304
52737,119.6303101
52738,60.6699791
52739,72.88872528
52740,47.16778946
52741,58.5591507
52742,83.83150482
52743,69.10794067
52744,114.1884918
52745,46.66072083
52746,116.7834091
52747,81.2707901
52748,27.91811943
52749,73.65834808
52750,59.19113922
52751,93.82397461
52752,146.9309998
52753,46.94367218
52754,47.12401199
52755,35.69321442
52756,167.8824463
52757,97.96495819
52758,119.3478851
52759,153.0236511
52760,111.7758331
52761,72.19252777
52762,71.04257202
52763,65.35416412
52764,129.6107941
52765,104.9710236
52766,179.503418
52767,30.91011429
52768,100.8204117
52769,147.165802
52770,136.7656555
52771,39.92195129
52772,118.6726685
52773,64.82632446
52774,41.34313583
52775,50.65818787
52776,81.83039093
52777,245.8186188
52778,55.55915451
52779,41.07723618
52780,50.50805664
52781,45.915905
52782,132.3791046
52783,77.60901642
52784,59.08553314
52785,132.519577
52786,81.20908356
52787,83.97658539
52788,95.98206329
52789,105.1724396
52790,293.8890686
52791,52.15116501
52792,41.25305939
52793,181.6777496
52794,106.8768463
52795,43.33050537
52796,68.28926086
52797,48.70918274
52798,242.5864105
52799,204.0535278
52800,34.37444687
52801,130.4937439
52802,417.4690247
52803,42.88611603
52804,110.1030579
52805,73.74651337
52806,125.4009476
52807,59.9392395
52808,53.2729187
52809,213.9194641
52810,44.27590179
52811,21.41733551
52812,72.5632019
52813,30.81417656
52814,89.08791351
52815,268.21698
52816,256.1661377
52817,140.5726166
52818,75.23449707
52819,273.1856995
52820,65.06256866
52821,115.1111069
52822,57.47451019
52823,30.92187691
52824,63.8217392
52825,49.98765564
52826,61.48822784
52827,49.90507889
52828,41.50144958
52829,37.61873627
52830,62.94924545
52831,56.37908936
52832,132.447113
52833,224.8537292
52834,50.50207138
52835,53.26177597
52836,57.42786026
52837,71.11063385
52838,63.45239639
52839,87.73180389
52840,57.00459671
52841,218.9034424
52842,49.57021332
52843,55.11300659
52844,53.75827026
52845,74.61521149
52846,53.51914597
52847,45.23622131
52848,32.48377228
52849,46.14699173
52850,107.2716751
52851,71.90727997
52852,55.90311432
52853,52.23065186
52854,61.85585022
52855,21.0012188
52856,80.34650421
52857,354.858429
52858,160.708313
52859,228.0165405
52860,107.9658737
52861,25.13016891
52862,46.76764679
52863,80.03031158
52864,49.77325439
52865,224.7854004
52866,74.76205444
52867,46.21849823
52868,61.53252029
52869,69.91557312
52870,90.94312286
52871,149.2865906
52872,142.5271454
52873,73.60807037
52874,55.82951736
52875,82.08370209
52876,346.688385
52877,46.43805313
52878,71.41332245
52879,46.88425827
52880,81.55925751
52881,86.12123871
52882,88.02919006
52883,90.75148773
52884,143.6786957
52885,56.1877594
52886,72.34594727
52887,47.93697739
52888,80.53888702
52889,50.66640091
52890,94.44190216
52891,39.26014709
52892,26.87757492
52893,118.6162186
52894,25.5915432
52895,18.24938774
52896,112.6710358
52897,37.44454956
52898,40.47711563
52899,51.46892548
52900,117.1223145
52901,117.5953598
52902,71.69629669
52903,100.8143539
52904,86.26209259
52905,22.56262016
52906,78.4595871
52907,48.15360641
52908,40.58147049
52909,239.3236084
52910,33.37469101
52911,40.19283676
52912,214.8759308
52913,55.29600906
52914,114.6394806
52915,36.72051239
52916,52.85077667
52917,233.6187592
52918,80.73732758
52919,96.99594116
52920,228.960022
52921,29.80156136
52922,268.2591248
52923,22.10134125
52924,69.08296967
52925,66.71456146
52926,36.36653519
52927,72.70046234
52928,186.0458984
52929,68.62104797
52930,57.84576035
52931,58.98407745
52932,68.81371307
52933,41.89321136
52934,97.1171875
52935,181.6425323
52936,43.16415405
52937,137.4575958
52938,175.1920166
52939,59.64420319
52940,54.81597519
52941,126.8819046
52942,125.896698
52943,92.5618515
52944,49.02152252
52945,41.90761566
52946,59.92185593
52947,46.88497543
52948,55.57765198
52949,112.8051071
52950,44.77795029
52951,59.10750198
52952,21.38074684
52953,53.01163483
52954,106.7960815
52955,54.75019073
52956,47.07572937
52957,87.07846069
52958,57.88453293
52959,131.0325928
52960,19.7617054
52961,178.0445709
52962,63.18646622
52963,57.79524612
52964,78.45417786
52965,58.66469574
52966,300.7249146
52967,32.0763092
52968,376.3327026
52969,38.88686371
52970,34.37875366
52971,29.5941143
52972,87.69711304
52973,307.8834229
52974,179.950943
52975,235.3048706
52976,75.07574463
52977,68.53364563
52978,172.0294952
52979,79.77578735
52980,103.782074
52981,43.75215149
52982,232.5882874
52983,64.09362793
52984,55.15988922
52985,65.42394257
52986,50.18271637
52987,114.5627136
52988,304.9567261
52989,48.46780014
52990,25.43645859
52991,50.18216705
52992,63.36082458
52993,318.7841492
52994,37.5201683
52995,77.04115295
52996,53.07368088
52997,24.95460701
52998,157.946228
52999,97.84348297
53000,42.3656044
53001,74.42243958
53002,84.79315186
53003,129.3506622
53004,233.4875031
53005,44.97123337
53006,125.375473
53007,46.92647552
53008,42.88162994
53009,52.17936707
53010,61.64352036
53011,139.1779938
53012,58.40671539
53013,95.52159882
53014,306.8445129
53015,51.30373764
53016,271.1789856
53017,95.61109924
53018,45.29462433
53019,219.5925293
53020,181.3667755
53021,92.72654724
53022,246.321167
53023,90.92864227
53024,34.29272842
53025,55.88254547
53026,45.28761292
53027,91.39891815
53028,100.2823792
53029,57.59044266
53030,25.46325111
53031,93.34293365
53032,43.0014801
53033,53.81955338
53034,249.0709229
53035,47.62109756
53036,51.94536209
53037,127.7202682
53038,61.58708954
53039,81.38822174
53040,49.74945831
53041,395.04245
53042,103.5933762
53043,97.15773773
53044,36.48380661
53045,197.0422516
53046,42.46741104
53047,136.1990356
53048,53.15834427
53049,59.92219925
53050,374.9064331
53051,61.21209717
53052,93.52902985
53053,107.9534912
53054,123.083786
53055,54.70873642
53056,103.5347137
53057,100.7140045
53058,532.9663086
53059,69.0845871
53060,287.0922241
53061,45.1686821
53062,89.00626373
53063,50.72174072
53064,118.0617523
53065,24.24213982
53066,194.1834869
53067,300.4103088
53068,334.6086426
53069,82.12166595
53070,84.96020508
53071,59.93180466
53072,182.5732574
53073,176.6353302
53074,93.57680511
53075,72.06003571
53076,103.2104721
53077,16.43943787
53078,60.7084198
53079,115.8572311
53080,84.24251556
53081,68.80479431
53082,180.0429993
53083,65.72309875
53084,57.93883133
53085,241.2619934
53086,33.47580338
53087,114.2530594
53088,99.89862061
53089,87.54032898
53090,53.22509003
53091,51.57339478
53092,81.90594482
53093,109.7571869
53094,68.98355103
53095,41.85245895
53096,111.2077026
53097,105.6171951
53098,239.2810059
53099,53.07788849
53100,71.56882477
53101,40.35886383
53102,50.124897
53103,278.7686157
53104,42.63811493
53105,41.19624329
53106,79.77843475
53107,86.87296295
53108,32.13225555
53109,75.50564575
53110,232.5213928
53111,184.651413
53112,99.86479187
53113,51.33724213
53114,587.7473755
53115,74.92879486
53116,88.4699707
53117,86.12110901
53118,52.3896637
53119,116.1562729
53120,106.4799347
53121,116.0577164
53122,79.93612671
53123,224.1856689
53124,53.61074066
53125,40.46973801
53126,51.12841034
53127,49.03579712
53128,60.64681244
53129,51.36344528
53130,42.53768921
53131,55.74501038
53132,53.64307785
53133,83.19561768
53134,73.55326843
53135,153.0126648
53136,45.20885468
53137,45.91518784
53138,96.14545441
53139,48.36013031
53140,98.84867859
53141,72.3788681
53142,220.0366058
53143,44.33833694
53144,56.05905151
53145,217.7802734
53146,59.22854614
53147,134.0654602
53148,137.4081268
53149,115.1394882
53150,75.3164444
53151,216.7665863
53152,38.47271729
53153,54.53676987
53154,114.0140762
53155,129.0214386
53156,39.05407333
53157,44.67049789
53158,35.51691055
53159,38.91752625
53160,216.4006958
53161,242.1532135
53162,61.14876938
53163,80.41500092
53164,107.0117874
53165,59.63709641
53166,36.7437439
53167,59.42928696
53168,307.8379822
53169,101.9880524
53170,57.56736755
53171,56.30778122
53172,108.8859634
53173,69.65026855
53174,70.34851837
53175,239.6213684
53176,48.46361923
53177,64.71634674
53178,50.12432861
53179,106.2117233
53180,97.58091736
53181,112.9216461
53182,50.51478577
53183,74.35049438
53184,47.06216049
53185,53.04877472
53186,58.31592941
53187,59.55121613
53188,329.935791
53189,39.6003952
53190,43.40027237
53191,61.33306885
53192,49.93886948
53193,221.1998291
53194,137.7033844
53195,46.46923447
53196,97.68670654
53197,32.75881958
53198,40.89759827
53199,110.7270737
53200,58.51376724
53201,143.5795441
53202,88.62741852
53203,75.099617
53204,84.11743927
53205,53.35081863
53206,68.87471771
53207,103.8357086
53208,79.29908752
53209,46.43842697
53210,113.9685364
53211,75.01067352
53212,70.64750671
53213,135.4031067
53214,58.20792389
53215,52.72317123
53216,49.81584549
53217,80.96007538
53218,30.91700935
53219,210.0879364
53220,62.29292297
53221,56.48586273
53222,83.11449432
53223,98.82802582
53224,60.2107811
53225,236.9924622
53226,82.86666107
53227,42.25815964
53228,102.2948761
53229,54.19237518
53230,27.87915993
53231,123.4226074
53232,149.0808411
53233,129.2279053
53234,91.95731354
53235,287.3854675
53236,287.4665222
53237,57.33623505
53238,88.78874207
53239,93.13300323
53240,85.35166931
53241,89.0344162
53242,154.3080292
53243,135.9281769
53244,70.17157745
53245,75.24874878
53246,50.72277451
53247,91.31943512
53248,53.45030594
53249,72.70854187
53250,71.19042206
53251,56.70330811
53252,266.7908936
53253,76.80873871
53254,56.06824875
53255,89.9648056
53256,207.51091
53257,184.4105835
53258,43.02301025
53259,115.6225815
53260,101.5747986
53261,271.2263794
53262,124.3972931
53263,141.0120392
53264,48.5812912
53265,284.2258301
53266,109.3272781
53267,37.26385498
53268,104.5749512
53269,119.5972748
53270,212.1624756
53271,102.2480164
53272,83.25162506
53273,113.0671463
53274,156.4861603
53275,103.1543655
53276,140.5142365
53277,44.33004379
53278,113.3810577
53279,247.7765045
53280,47.90846252
53281,48.21140289
53282,42.46938705
53283,12.92876911
53284,27.36014557
53285,157.8766632
53286,110.8430328
53287,56.39723969
53288,50.40589523
53289,108.4119873
53290,70.38030243
53291,47.29920959
53292,98.41495514
53293,83.31523895
53294,32.92220688
53295,35.77524185
53296,95.72218323
53297,28.08674431
53298,89.96633148
53299,69.4108429
53300,105.5298004
53301,68.17880249
53302,50.94093323
53303,140.2517853
53304,117.5533218
53305,59.86735535
53306,39.79483414
53307,57.92260361
53308,167.6756744
53309,66.3940506
53310,113.5731659
53311,50.95636368
53312,61.22739792
53313,33.6031189
53314,40.65219116
53315,35.23519897
53316,62.6061058
53317,211.3882751
53318,148.6374817
53319,64.53984833
53320,116.7251663
53321,121.2824326
53322,90.89994812
53323,86.11968231
53324,76.95291901
53325,159.5596619
53326,59.85874557
53327,225.1399994
53328,71.87467957
53329,208.7958069
53330,117.3022232
53331,74.08509064
53332,34.88444901
53333,55.41605377
53334,32.55634308
53335,104.4715729
53336,50.25931931
53337,44.72978592
53338,68.01685333
53339,282.8114624
53340,73.2455368
53341,531.447937
53342,105.6110916
53343,118.7763519
53344,37.42250824
53345,68.74302673
53346,153.2304077
53347,263.1141968
53348,103.1530457
53349,293.0292969
53350,175.2191467
53351,193.4307709
53352,48.51281357
53353,124.8649597
53354,96.52326965
53355,48.79319
53356,38.85373306
53357,72.47696686
53358,39.91202164
53359,250.6448517
53360,82.75722504
53361,70.16265106
53362,165.7462006
53363,41.00151825
53364,122.3488312
53365,42.99183655
53366,81.93521118
53367,60.43888092
53368,110.1568146
53369,74.48693085
53370,224.294754
53371,125.2020493
53372,113.4773941
53373,111.5292587
53374,73.34198761
53375,48.68455124
53376,38.65439224
53377,108.2381897
53378,137.9809113
53379,145.9937592
53380,125.6645126
53381,96.81155396
53382,63.36446381
53383,55.36423492
53384,53.22863388
53385,361.6811218
53386,89.74430084
53387,45.54932022
53388,60.91398621
53389,71.78586578
53390,56.1531868
53391,119.8760834
53392,58.42973328
53393,52.91301727
53394,47.15343475
53395,36.18880081
53396,79.83019257
53397,65.97075653
53398,34.73066711
53399,46.44721222
53400,42.75242233
53401,87.8732605
53402,44.09352112
53403,69.17178345
53404,138.2568665
53405,244.4189301
53406,88.71126556
53407,35.46555328
53408,86.63361359
53409,41.92842484
53410,31.89580727
53411,83.69954681
53412,85.67050934
53413,77.64261627
53414,108.642601
53415,71.71422577
53416,137.1403809
53417,65.45910645
53418,107.9071045
53419,37.14201355
53420,77.07083893
53421,145.1876984
53422,278.8771973
53423,192.0710449
53424,73.68410492
53425,219.5001373
53426,87.59181976
53427,112.6883163
53428,107.7096634
53429,43.67655182
53430,93.49651337
53431,66.2100296
53432,35.19718933
53433,403.4235535
53434,234.0922852
53435,62.30695724
53436,45.61579514
53437,34.72204208
53438,45.45798874
53439,91.40428925
53440,50.04629898
53441,55.95650864
53442,58.87326431
53443,49.89917755
53444,49.26173019
53445,32.88547134
53446,18.65247726
53447,51.97668076
53448,38.41744614
53449,121.2011414
53450,32.40100098
53451,65.15590668
53452,219.5029602
53453,136.7698212
53454,98.53868103
53455,79.10063171
53456,50.63757324
53457,106.130043
53458,173.4867096
53459,21.19744492
53460,55.62408447
53461,124.2239685
53462,83.51908112
53463,53.52706909
53464,107.6021576
53465,91.1962204
53466,62.84909821
53467,37.76831436
53468,341.6222839
53469,175.0275726
53470,238.9217072
53471,495.3891907
53472,47.45124435
53473,46.66484833
53474,56.38307953
53475,95.03827667
53476,73.1292572
53477,147.9224701
53478,68.1036377
53479,89.94697571
53480,145.2017517
53481,96.88370514
53482,72.47337341
53483,45.08230972
53484,94.82859802
53485,230.0603638
53486,171.0509338
53487,30.74599648
53488,48.20922089
53489,187.1125793
53490,62.11148071
53491,141.2199249
53492,59.39749527
53493,56.69552231
53494,54.02420044
53495,155.236618
53496,101.6333466
53497,76.34844208
53498,25.58717537
53499,36.03902435
53500,79.75128937
53501,142.018158
53502,41.96606064
53503,56.76208496
53504,460.2100525
53505,86.01985168
53506,93.97608185
53507,187.35849
53508,55.02667618
53509,41.31420135
53510,61.84238434
53511,55.58733368
53512,121.148819
53513,46.23789215
53514,85.23731995
53515,58.13944244
53516,135.5082855
53517,253.1834717
53518,42.21287537
53519,78.0173645
53520,51.14102173
53521,40.43807983
53522,63.97058868
53523,62.12841034
53524,58.27211761
53525,41.87334442
53526,42.30237961
53527,151.2204742
53528,113.4640503
53529,86.20710754
53530,46.29800797
53531,63.23424911
53532,62.55246735
53533,68.39273834
53534,52.48049164
53535,114.697998
53536,181.920517
53537,42.63521957
53538,291.2670288
53539,170.5685272
53540,51.54576492
53541,233.8720093
53542,41.96697998
53543,131.5528564
53544,48.26107025
53545,197.9465179
53546,40.17592621
53547,98.57041931
53548,120.6677856
53549,117.2021179
53550,56.86066437
53551,222.2247314
53552,65.59085083
53553,32.60643005
53554,44.50997925
53555,83.58110046
53556,63.68434525
53557,89.70145416
53558,38.95885849
53559,56.58295822
53560,212.6710205
53561,53.00336456
53562,101.9747467
53563,33.20506668
53564,70.09993744
53565,129.7623901
53566,95.97952271
53567,54.55057526
53568,70.76280975
53569,60.57448959
53570,147.5294495
53571,77.90061188
53572,49.72472
53573,70.03222656
53574,60.93678665
53575,73.40685272
53576,146.232254
53577,116.3986511
53578,80.0556488
53579,84.59954834
53580,135.4672699
53581,189.5207672
53582,68.35124207
53583,77.37081146
53584,97.10727692
53585,156.5278168
53586,47.14472961
53587,56.10027695
53588,70.69533539
53589,44.01134109
53590,46.72615814
53591,377.0493164
53592,109.1797256
53593,264.4254761
53594,81.68660736
53595,50.72840118
53596,122.0673294
53597,260.1257629
53598,98.73366547
53599,32.73509216
53600,50.61637115
53601,68.90419006
53602,35.81324387
53603,107.2734604
53604,172.9947815
53605,62.30771637
53606,80.16395569
53607,271.5060425
53608,95.88904572
53609,358.4384766
53610,75.71372986
53611,90.28546906
53612,70.70161438
53613,71.95580292
53614,48.49108505
53615,63.58173752
53616,75.80258942
53617,105.2336807
53618,124.0094376
53619,228.0158844
53620,43.52145004
53621,67.21328735
53622,285.2777405
53623,39.9835434
53624,51.31930923
53625,56.1865921
53626,170.0014801
53627,78.83818817
53628,84.04566193
53629,53.12880707
53630,66.12379456
53631,77.89674377
53632,192.1265717
53633,68.39594269
53634,74.0304184
53635,52.63127518
53636,54.3268013
53637,37.42830658
53638,121.568634
53639,55.60280609
53640,85.3548584
53641,52.14302826
53642,193.6240387
53643,51.77797699
53644,46.78862
53645,56.02133179
53646,136.3545532
53647,226.7786102
53648,60.25678635
53649,136.1522522
53650,152.1431427
53651,97.47180176
53652,139.386261
53653,67.08062744
53654,65.31478882
53655,56.76659012
53656,60.20116425
53657,161.7559204
53658,136.2088623
53659,33.63950729
53660,66.10838318
53661,223.0614471
53662,84.66183472
53663,147.4173279
53664,92.84552002
53665,353.1139526
53666,145.3670044
53667,42.61457443
53668,46.32336426
53669,161.9436798
53670,87.77058411
53671,148.0576935
53672,38.34398651
53673,25.55737877
53674,68.37693024
53675,131.9566498
53676,61.84394073
53677,42.65011215
53678,162.213562
53679,51.08153915
53680,161.5054016
53681,71.05670166
53682,68.62136841
53683,63.48888397
53684,68.30464935
53685,175.0225983
53686,138.8899231
53687,60.70129395
53688,47.46733856
53689,179.4944305
53690,281.8069458
53691,52.5858078
53692,245.6274109
53693,57.59630585
53694,19.75311279
53695,63.43522644
53696,121.8760147
53697,348.2395935
53698,219.1854858
53699,68.94264221
53700,83.36912537
53701,113.3487549
53702,51.76696396
53703,29.60753632
53704,72.29483032
53705,148.0767365
53706,88.95623016
53707,169.5178375
53708,43.12560272
53709,71.64502716
53710,56.89383316
53711,107.119339
53712,33.48484802
53713,67.54504395
53714,48.9166832
53715,112.1667252
53716,27.9006443
53717,109.9399719
53718,186.6117401
53719,51.25076294
53720,47.55973434
53721,69.58249664
53722,50.65468597
53723,142.0428925
53724,68.41675568
53725,68.05662537
53726,186.9762115
53727,124.1697617
53728,57.55876923
53729,328.9310303
53730,75.9599762
53731,243.177002
53732,44.99756241
53733,65.1183548
53734,94.8797226
53735,49.27323914
53736,157.4885254
53737,293.1803589
53738,59.73334122
53739,82.90518188
53740,99.6199646
53741,86.72213745
53742,60.8997345
53743,72.53113556
53744,65.26817322
53745,88.37384796
53746,99.684021
53747,108.7348557
53748,86.22851563
53749,110.466362
53750,111.7105331
53751,50.12063599
53752,136.602066
53753,68.37107849
53754,62.9956398
53755,108.7360458
53756,65.03721619
53757,47.8909874
53758,41.33294296
53759,106.6757355
53760,215.8287811
53761,52.67214584
53762,54.64963531
53763,114.2265854
53764,57.59182358
53765,45.69537735
53766,46.03544617
53767,70.55612183
53768,151.4419098
53769,335.27948
53770,70.00406647
53771,94.81872559
53772,282.8899841
53773,72.67900848
53774,220.4796906
53775,53.8533287
53776,53.83782959
53777,303.5951233
53778,295.7787476
53779,47.83203506
53780,73.2122345
53781,81.64250183
53782,49.35590363
53783,37.41564941
53784,56.2924614
53785,58.43906403
53786,48.19929123
53787,78.02770996
53788,33.6199646
53789,80.45278168
53790,51.8421402
53791,85.16861725
53792,109.536911
53793,26.55773163
53794,37.8336525
53795,52.71338654
53796,84.15790558
53797,46.67423248
53798,55.14950943
53799,63.26795578
53800,559.2479858
53801,75.2824173
53802,277.3977051
53803,103.8810806
53804,65.29707336
53805,92.13059998
53806,15.25932121
53807,42.29027939
53808,49.7864418
53809,125.8389206
53810,188.4345245
53811,49.46547318
53812,41.16056824
53813,43.07379913
53814,44.51862335
53815,81.53244781
53816,120.6391678
53817,49.35251236
53818,90.4985199
53819,90.04949188
53820,32.32336044
53821,42.56271362
53822,28.43486023
53823,193.2483673
53824,66.02251434
53825,35.18255997
53826,59.86973953
53827,108.7474976
53828,128.8553009
53829,145.7619171
53830,57.35941315
53831,113.1872101
53832,55.3883667
53833,77.28733063
53834,225.9479065
53835,69.09708405
53836,130.501358
53837,146.0326691
53838,122.8640747
53839,235.8212433
53840,21.98947716
53841,67.07509613
53842,55.04871368
53843,22.27054977
53844,345.6204529
53845,199.8894348
53846,37.85364151
53847,90.82525635
53848,79.46539307
53849,50.85071182
53850,69.5223999
53851,65.18283081
53852,444.336792
53853,125.7071533
53854,64.91529083
53855,46.25210953
53856,223.6066437
53857,47.80407715
53858,83.7898941
53859,75.27359009
53860,40.68873596
53861,107.319313
53862,67.77651978
53863,59.06036377
53864,140.3908844
53865,92.71657562
53866,56.63054276
53867,42.10712051
53868,54.62187195
53869,52.03897095
53870,100.810524
53871,62.97302246
53872,78.38051605
53873,57.7169342
53874,24.72655296
53875,36.83047104
53876,110.8350449
53877,52.47422028
53878,71.72796631
53879,81.70298767
53880,37.18141556
53881,108.1036377
53882,52.48086548
53883,107.9659805
53884,50.65979385
53885,242.6226501
53886,94.72409821
53887,102.9391556
53888,38.69358444
53889,67.41526031
53890,109.3420334
53891,69.31661987
53892,27.42802429
53893,95.25218964
53894,235.877655
53895,23.08367348
53896,42.85881805
53897,46.07051468
53898,52.17924881
53899,107.6641541
53900,129.4820251
53901,41.94989395
53902,301.0429688
53903,400.2036438
53904,51.90007782
53905,83.21681976
53906,73.60869598
53907,148.5931244
53908,30.47306061
53909,45.83716965
53910,54.28080368
53911,139.8905029
53912,188.6084595
53913,84.01643372
53914,35.52303314
53915,84.19503021
53916,91.96627808
53917,82.87038422
53918,54.19319534
53919,81.67720032
53920,85.90901184
53921,72.14448547
53922,56.47322845
53923,41.8871994
53924,44.75959778
53925,135.1244659
53926,53.58443069
53927,55.54567719
53928,106.7424164
53929,149.0579681
53930,75.25996399
53931,53.62911987
53932,99.27216339
53933,70.30117798
53934,88.21326447
53935,96.21283722
53936,91.63725281
53937,51.10788345
53938,47.22757339
53939,66.14517212
53940,112.1137543
53941,60.88246155
53942,115.3671036
53943,85.59283447
53944,71.9644928
53945,233.5963135
